{
  "total_waypoints": 3,
  "successful": 3,
  "failed": 0,
  "elapsed_seconds": 53.03908658027649,
  "results": [
    {
      "node_id": 0,
      "x": -1.7046786249224524,
      "y": -0.15557870110679695,
      "success": true,
      "is_landmark": false
    },
    {
      "node_id": 44,
      "x": -3.7606727481593305,
      "y": 1.375719976081669,
      "success": true,
      "is_landmark": true
    },
    {
      "node_id": 44,
      "x": -3.7606727481593305,
      "y": 1.375719976081669,
      "success": true,
      "is_landmark": true
    }
  ]
}