{
  "fx": 277.19135641132203,
  "fy": 277.19135641132203,
  "cx": 160.5,
  "cy": 120.5,
  "width": 320,
  "height": 240
}